<i>
  <i image="walk1_0.png" delay="180" x="-58" y="-76"/>
  <i image="walk1_1.png" delay="180" x="-58" y="-76"/>
  <i image="walk1_2.png" delay="180" x="-58" y="-76"/>
  <i image="walk1_3.png" delay="180" x="-58" y="-76"/>
  <i image="stand1_0.png" delay="500" x="-52" y="-76"/>
  <i image="stand1_1.png" delay="500" x="-52" y="-76"/>
  <i image="stand1_2.png" delay="500" x="-52" y="-76"/>
  <i image="stand1_3.png" delay="500" x="-52" y="-76"/>
  <i image="stand1_4.png" delay="500" x="-52" y="-76"/>
  <i image="alert_0.png" delay="500" x="-55" y="-75"/>
  <i image="alert_1.png" delay="500" x="-55" y="-75"/>
  <i image="alert_2.png" delay="500" x="-55" y="-75"/>
  <i image="alert_3.png" delay="500" x="-55" y="-75"/>
  <i image="alert_4.png" delay="500" x="-55" y="-75"/>
  <i image="swingO1_0.png" delay="300" x="-62" y="-75"/>
  <i image="swingO1_1.png" delay="150" x="-62" y="-75"/>
  <i image="swingO1_2.png" delay="350" x="-62" y="-75"/>
  <i image="swingO2_0.png" delay="300" x="-42" y="-84"/>
  <i image="swingO2_1.png" delay="150" x="-42" y="-84"/>
  <i image="swingO2_2.png" delay="350" x="-42" y="-84"/>
  <i image="swingO3_0.png" delay="300" x="-93" y="-84"/>
  <i image="swingO3_1.png" delay="150" x="-93" y="-84"/>
  <i image="swingO3_2.png" delay="350" x="-93" y="-84"/>
  <i image="swingOF_0.png" delay="200" x="-77" y="-93"/>
  <i image="swingOF_1.png" delay="100" x="-77" y="-93"/>
  <i image="swingOF_2.png" delay="100" x="-77" y="-93"/>
  <i image="swingOF_3.png" delay="300" x="-77" y="-93"/>
  <i image="stabO1_0.png" delay="350" x="-100" y="-73"/>
  <i image="stabO1_1.png" delay="450" x="-100" y="-73"/>
  <i image="stabO2_0.png" delay="350" x="-100" y="-76"/>
  <i image="stabO2_1.png" delay="450" x="-100" y="-76"/>
  <i image="stabOF_0.png" delay="250" x="-124" y="-74"/>
  <i image="stabOF_1.png" delay="150" x="-124" y="-74"/>
  <i image="stabOF_2.png" delay="300" x="-124" y="-74"/>
  <i image="proneStab_0.png" delay="300" x="-91" y="-48"/>
  <i image="proneStab_1.png" delay="400" x="-91" y="-48"/>
  <i image="prone_0.png" delay="100" x="-76" y="-48"/>
  <i image="heal_0.png" delay="300" x="-55" y="-84"/>
  <i image="heal_1.png" delay="150" x="-55" y="-84"/>
  <i image="heal_2.png" delay="350" x="-55" y="-84"/>
  <i image="fly_0.png" delay="300" x="-29" y="-86"/>
  <i image="fly_1.png" delay="300" x="-29" y="-86"/>
  <i image="jump_0.png" delay="200" x="-29" y="-79"/>
  <i image="sit_0.png" delay="100" x="-26" y="-72"/>
  <i image="ladder_0.png" delay="250" x="-25" y="-73"/>
  <i image="ladder_1.png" delay="250" x="-25" y="-73"/>
  <i image="rope_0.png" delay="250" x="-23" y="-76"/>
  <i image="rope_1.png" delay="250" x="-23" y="-76"/>
</i>