<i>
  <i image="walk1_0.png" delay="180" x="-35" y="-74"/>
  <i image="walk1_1.png" delay="180" x="-35" y="-74"/>
  <i image="walk1_2.png" delay="180" x="-35" y="-74"/>
  <i image="walk1_3.png" delay="180" x="-35" y="-74"/>
  <i image="stand1_0.png" delay="500" x="-30" y="-74"/>
  <i image="stand1_1.png" delay="500" x="-30" y="-74"/>
  <i image="stand1_2.png" delay="500" x="-30" y="-74"/>
  <i image="stand1_3.png" delay="500" x="-30" y="-74"/>
  <i image="stand1_4.png" delay="500" x="-30" y="-74"/>
  <i image="alert_0.png" delay="500" x="-34" y="-73"/>
  <i image="alert_1.png" delay="500" x="-34" y="-73"/>
  <i image="alert_2.png" delay="500" x="-34" y="-73"/>
  <i image="alert_3.png" delay="500" x="-34" y="-73"/>
  <i image="alert_4.png" delay="500" x="-34" y="-73"/>
  <i image="swingO1_0.png" delay="300" x="-63" y="-73"/>
  <i image="swingO1_1.png" delay="150" x="-63" y="-73"/>
  <i image="swingO1_2.png" delay="350" x="-63" y="-73"/>
  <i image="swingO2_0.png" delay="300" x="-43" y="-74"/>
  <i image="swingO2_1.png" delay="150" x="-43" y="-74"/>
  <i image="swingO2_2.png" delay="350" x="-43" y="-74"/>
  <i image="swingO3_0.png" delay="300" x="-77" y="-70"/>
  <i image="swingO3_1.png" delay="150" x="-77" y="-70"/>
  <i image="swingO3_2.png" delay="350" x="-77" y="-70"/>
  <i image="swingOF_0.png" delay="200" x="-78" y="-84"/>
  <i image="swingOF_1.png" delay="100" x="-78" y="-84"/>
  <i image="swingOF_2.png" delay="100" x="-78" y="-84"/>
  <i image="swingOF_3.png" delay="300" x="-78" y="-84"/>
  <i image="swingPF_0.png" delay="100" x="-89" y="-100"/>
  <i image="swingPF_1.png" delay="200" x="-89" y="-100"/>
  <i image="swingPF_2.png" delay="200" x="-89" y="-100"/>
  <i image="swingPF_3.png" delay="200" x="-89" y="-100"/>
  <i image="stabO1_0.png" delay="350" x="-75" y="-71"/>
  <i image="stabO1_1.png" delay="450" x="-75" y="-71"/>
  <i image="stabO2_0.png" delay="350" x="-74" y="-74"/>
  <i image="stabO2_1.png" delay="450" x="-74" y="-74"/>
  <i image="stabOF_0.png" delay="250" x="-101" y="-72"/>
  <i image="stabOF_1.png" delay="150" x="-101" y="-72"/>
  <i image="stabOF_2.png" delay="300" x="-101" y="-72"/>
  <i image="stabT1_0.png" delay="300" x="-67" y="-70"/>
  <i image="stabT1_1.png" delay="100" x="-67" y="-70"/>
  <i image="stabT1_2.png" delay="350" x="-67" y="-70"/>
  <i image="proneStab_0.png" delay="300" x="-66" y="-46"/>
  <i image="proneStab_1.png" delay="400" x="-66" y="-46"/>
  <i image="prone_0.png" delay="100" x="-51" y="-46"/>
  <i image="heal_0.png" delay="300" x="-37" y="-74"/>
  <i image="heal_1.png" delay="150" x="-37" y="-74"/>
  <i image="heal_2.png" delay="350" x="-37" y="-74"/>
  <i image="fly_0.png" delay="300" x="-30" y="-79"/>
  <i image="fly_1.png" delay="300" x="-30" y="-79"/>
  <i image="jump_0.png" delay="200" x="-30" y="-72"/>
  <i image="sit_0.png" delay="100" x="-27" y="-70"/>
  <i image="ladder_0.png" delay="250" x="-25" y="-72"/>
  <i image="ladder_1.png" delay="250" x="-25" y="-72"/>
  <i image="rope_0.png" delay="250" x="-23" y="-75"/>
  <i image="rope_1.png" delay="250" x="-23" y="-75"/>
</i>