<i>
  <i image="NoRed1_0.png" delay="100" x="-18" y="-38"/>
  <i image="NoRed1_1.png" delay="100" x="-18" y="-38"/>
  <i image="NoRed1_2.png" delay="100" x="-18" y="-38"/>
  <i image="NoRed1_3.png" delay="100" x="-18" y="-38"/>
  <i image="NoRed1_4.png" delay="100" x="-18" y="-38"/>
  <i image="NoRed1_5.png" delay="100" x="-18" y="-38"/>
  <i image="NoRed1_6.png" delay="100" x="-18" y="-38"/>
  <i image="NoRed1_7.png" delay="100" x="-18" y="-38"/>
  <i image="NoRed1_8.png" delay="100" x="-18" y="-38"/>
  <i image="NoRed1_9.png" delay="100" x="-18" y="-38"/>
</i>