<i>
  <i image="move_0.png" delay="180" x="-53" y="-171"/>
  <i image="move_1.png" delay="180" x="-53" y="-171"/>
  <i image="move_2.png" delay="180" x="-53" y="-171"/>
  <i image="move_3.png" delay="180" x="-53" y="-171"/>
  <i image="move_4.png" delay="180" x="-53" y="-171"/>
  <i image="move_5.png" delay="180" x="-53" y="-171"/>
  <i image="move_6.png" delay="180" x="-53" y="-171"/>
  <i image="move_7.png" delay="180" x="-53" y="-171"/>
  <i image="stand_0.png" delay="120" x="-53" y="-164"/>
  <i image="stand_1.png" delay="120" x="-53" y="-164"/>
  <i image="stand_2.png" delay="120" x="-53" y="-164"/>
  <i image="stand_3.png" delay="120" x="-53" y="-164"/>
  <i image="stand_4.png" delay="120" x="-53" y="-164"/>
  <i image="stand_5.png" delay="120" x="-53" y="-164"/>
  <i image="stand_6.png" delay="120" x="-53" y="-164"/>
  <i image="stand_7.png" delay="120" x="-53" y="-164"/>
  <i image="stand_8.png" delay="120" x="-53" y="-164"/>
  <i image="stand_9.png" delay="120" x="-53" y="-164"/>
  <i image="stand_10.png" delay="120" x="-53" y="-164"/>
  <i image="stand_11.png" delay="120" x="-53" y="-164"/>
  <i image="attack1.info.hit_0.png" delay="60" x="-69" y="-100"/>
  <i image="attack1.info.hit_1.png" delay="60" x="-69" y="-100"/>
  <i image="attack1.info.hit_2.png" delay="60" x="-69" y="-100"/>
  <i image="attack1.info.hit_3.png" delay="60" x="-69" y="-100"/>
  <i image="attack1.info.hit_4.png" delay="60" x="-69" y="-100"/>
  <i image="attack1_0.png" delay="120" x="-195" y="-242"/>
  <i image="attack1_1.png" delay="120" x="-195" y="-242"/>
  <i image="attack1_2.png" delay="120" x="-195" y="-242"/>
  <i image="attack1_3.png" delay="120" x="-195" y="-242"/>
  <i image="attack1_4.png" delay="120" x="-195" y="-242"/>
  <i image="attack1_5.png" delay="120" x="-195" y="-242"/>
  <i image="attack1_6.png" delay="120" x="-195" y="-242"/>
  <i image="attack1_7.png" delay="120" x="-195" y="-242"/>
  <i image="attack1_8.png" delay="120" x="-195" y="-242"/>
  <i image="attack1_9.png" delay="120" x="-195" y="-242"/>
  <i image="attack1_10.png" delay="120" x="-195" y="-242"/>
  <i image="attack1_11.png" delay="120" x="-195" y="-242"/>
  <i image="attack1_12.png" delay="120" x="-195" y="-242"/>
  <i image="attack1_13.png" delay="120" x="-195" y="-242"/>
  <i image="attack1_14.png" delay="120" x="-195" y="-242"/>
  <i image="attack1_15.png" delay="120" x="-195" y="-242"/>
  <i image="attack1_16.png" delay="120" x="-195" y="-242"/>
  <i image="attack1_17.png" delay="120" x="-195" y="-242"/>
  <i image="attack1_18.png" delay="120" x="-195" y="-242"/>
  <i image="attack1_19.png" delay="120" x="-195" y="-242"/>
  <i image="attack1_20.png" delay="120" x="-195" y="-242"/>
  <i image="skill1_0.png" delay="120" x="-94" y="-222"/>
  <i image="skill1_1.png" delay="120" x="-94" y="-222"/>
  <i image="skill1_2.png" delay="120" x="-94" y="-222"/>
  <i image="skill1_3.png" delay="120" x="-94" y="-222"/>
  <i image="skill1_4.png" delay="120" x="-94" y="-222"/>
  <i image="skill1_5.png" delay="120" x="-94" y="-222"/>
  <i image="skill1_6.png" delay="120" x="-94" y="-222"/>
  <i image="skill1_7.png" delay="120" x="-94" y="-222"/>
  <i image="skill1_8.png" delay="120" x="-94" y="-222"/>
  <i image="skill1_9.png" delay="120" x="-94" y="-222"/>
  <i image="skill1_10.png" delay="120" x="-94" y="-222"/>
  <i image="skill1_11.png" delay="120" x="-94" y="-222"/>
  <i image="skill1_12.png" delay="120" x="-94" y="-222"/>
  <i image="skill1_13.png" delay="120" x="-94" y="-222"/>
  <i image="hit1_0.png" delay="300" x="-61" y="-200"/>
  <i image="die1_0.png" delay="150" x="-141" y="-205"/>
  <i image="die1_1.png" delay="150" x="-141" y="-205"/>
  <i image="die1_2.png" delay="150" x="-141" y="-205"/>
  <i image="die1_3.png" delay="150" x="-141" y="-205"/>
  <i image="die1_4.png" delay="150" x="-141" y="-205"/>
  <i image="die1_5.png" delay="150" x="-141" y="-205"/>
  <i image="die1_6.png" delay="150" x="-141" y="-205"/>
  <i image="die1_7.png" delay="150" x="-141" y="-205"/>
  <i image="die1_8.png" delay="150" x="-141" y="-205"/>
  <i image="die1_9.png" delay="150" x="-141" y="-205"/>
  <i image="die1_10.png" delay="150" x="-141" y="-205"/>
  <i image="die1_11.png" delay="150" x="-141" y="-205"/>
  <i image="die1_12.png" delay="150" x="-141" y="-205"/>
  <i image="die1_13.png" delay="150" x="-141" y="-205"/>
  <i image="die1_14.png" delay="150" x="-141" y="-205"/>
  <i image="die1_15.png" delay="150" x="-141" y="-205"/>
  <i image="die1_16.png" delay="150" x="-141" y="-205"/>
  <i image="die1_17.png" delay="150" x="-141" y="-205"/>
  <i image="die1_18.png" delay="150" x="-141" y="-205"/>
  <i image="die1_19.png" delay="150" x="-141" y="-205"/>
  <i image="die1_20.png" delay="150" x="-141" y="-205"/>
  <i image="die1_21.png" delay="150" x="-141" y="-205"/>
  <i image="die1_22.png" delay="150" x="-141" y="-205"/>
</i>