<i>
  <i image="NoViolet1_0.png" delay="100" x="-18" y="-38"/>
  <i image="NoViolet1_1.png" delay="100" x="-18" y="-38"/>
  <i image="NoViolet1_2.png" delay="100" x="-18" y="-38"/>
  <i image="NoViolet1_3.png" delay="100" x="-18" y="-38"/>
  <i image="NoViolet1_4.png" delay="100" x="-18" y="-38"/>
  <i image="NoViolet1_5.png" delay="100" x="-18" y="-38"/>
  <i image="NoViolet1_6.png" delay="100" x="-18" y="-38"/>
  <i image="NoViolet1_7.png" delay="100" x="-18" y="-38"/>
  <i image="NoViolet1_8.png" delay="100" x="-18" y="-38"/>
  <i image="NoViolet1_9.png" delay="100" x="-18" y="-38"/>
</i>