<i>
  <i image="move_0.png" delay="180" x="-32" y="-67"/>
  <i image="move_1.png" delay="120" x="-32" y="-67"/>
  <i image="move_2.png" delay="180" x="-32" y="-67"/>
  <i image="stand_0.png" delay="180" x="-27" y="-58"/>
  <i image="stand_1.png" delay="180" x="-27" y="-58"/>
  <i image="jump_0.png" delay="100" x="-28" y="-64"/>
  <i image="hit1_0.png" delay="600" x="-28" y="-65"/>
  <i image="die1_0.png" delay="180" x="-34" y="-59"/>
  <i image="die1_1.png" delay="180" x="-34" y="-59"/>
  <i image="die1_2.png" delay="300" x="-34" y="-59"/>
</i>