<i>
  <i image="fire_0.png" delay="100" x="157" y="-44"/>
  <i image="fire_1.png" delay="100" x="157" y="-44"/>
  <i image="fire_2.png" delay="100" x="157" y="-44"/>
  <i image="fire_3.png" delay="100" x="157" y="-44"/>
  <i image="fire_4.png" delay="100" x="157" y="-44"/>
  <i image="fire_5.png" delay="100" x="157" y="-44"/>
  <i image="ball_0.png" delay="120" x="-51" y="-51"/>
  <i image="ball_1.png" delay="120" x="-51" y="-51"/>
  <i image="ball_2.png" delay="120" x="-51" y="-51"/>
  <i image="ball_3.png" delay="120" x="-51" y="-51"/>
  <i image="ball_4.png" delay="120" x="-51" y="-51"/>
  <i image="ball_5.png" delay="120" x="-51" y="-51"/>
  <i image="ball_6.png" delay="120" x="-51" y="-51"/>
  <i image="ball_7.png" delay="120" x="-51" y="-51"/>
</i>