<i>
  <i image="move_0.png" delay="150" x="-27" y="-52"/>
  <i image="move_1.png" delay="150" x="-27" y="-52"/>
  <i image="move_2.png" delay="150" x="-27" y="-52"/>
  <i image="move_3.png" delay="150" x="-27" y="-52"/>
  <i image="stand_0.png" delay="180" x="-27" y="-52"/>
  <i image="stand_1.png" delay="180" x="-27" y="-52"/>
  <i image="stand_2.png" delay="180" x="-27" y="-52"/>
  <i image="hit1_0.png" delay="600" x="-27" y="-56"/>
  <i image="die1_0.png" delay="180" x="-29" y="-50"/>
  <i image="die1_1.png" delay="180" x="-29" y="-50"/>
  <i image="die1_2.png" delay="180" x="-29" y="-50"/>
  <i image="die1_3.png" delay="300" x="-29" y="-50"/>
</i>