<i>
  <i image="2221000_0.png" delay="100" x="0" y="-32"/>
  <i image="2221000_1.png" delay="100" x="0" y="-32"/>
  <i image="2221000_2.png" delay="100" x="0" y="-32"/>
  <i image="effect_0.png" delay="60" x="-117" y="-370"/>
  <i image="effect_1.png" delay="60" x="-117" y="-370"/>
  <i image="effect_2.png" delay="60" x="-117" y="-370"/>
  <i image="effect_3.png" delay="60" x="-117" y="-370"/>
  <i image="effect_4.png" delay="60" x="-117" y="-370"/>
  <i image="effect_5.png" delay="60" x="-117" y="-370"/>
  <i image="effect_6.png" delay="60" x="-117" y="-370"/>
  <i image="effect_7.png" delay="60" x="-117" y="-370"/>
  <i image="effect_8.png" delay="60" x="-117" y="-370"/>
  <i image="effect_9.png" delay="60" x="-117" y="-370"/>
  <i image="effect_10.png" delay="60" x="-117" y="-370"/>
  <i image="effect_11.png" delay="60" x="-117" y="-370"/>
  <i image="effect_12.png" delay="60" x="-117" y="-370"/>
  <i image="effect_13.png" delay="60" x="-117" y="-370"/>
  <i image="effect_14.png" delay="60" x="-117" y="-370"/>
  <i image="effect_15.png" delay="60" x="-117" y="-370"/>
  <i image="effect_16.png" delay="60" x="-117" y="-370"/>
  <i image="effect_17.png" delay="60" x="-117" y="-370"/>
  <i image="effect_18.png" delay="60" x="-117" y="-370"/>
  <i image="effect_19.png" delay="60" x="-117" y="-370"/>
  <i image="effect_20.png" delay="60" x="-117" y="-370"/>
  <i image="effect_21.png" delay="60" x="-117" y="-370"/>
  <i image="effect_22.png" delay="60" x="-117" y="-370"/>
  <i image="affected_0.png" delay="60" x="-115" y="-168"/>
  <i image="affected_1.png" delay="60" x="-115" y="-168"/>
  <i image="affected_2.png" delay="60" x="-115" y="-168"/>
  <i image="affected_3.png" delay="60" x="-115" y="-168"/>
  <i image="affected_4.png" delay="60" x="-115" y="-168"/>
  <i image="affected_5.png" delay="60" x="-115" y="-168"/>
  <i image="affected_6.png" delay="60" x="-115" y="-168"/>
  <i image="affected_7.png" delay="60" x="-115" y="-168"/>
  <i image="affected_8.png" delay="60" x="-115" y="-168"/>
  <i image="affected_9.png" delay="60" x="-115" y="-168"/>
  <i image="affected_10.png" delay="60" x="-115" y="-168"/>
  <i image="affected_11.png" delay="60" x="-115" y="-168"/>
  <i image="affected_12.png" delay="60" x="-115" y="-168"/>
  <i image="affected_13.png" delay="60" x="-115" y="-168"/>
  <i image="affected_14.png" delay="60" x="-115" y="-168"/>
</i>